{
  "$schema": "https://json.schemastore.org/nest-cli",
  "collection": "@nestjs/schematics",
  "sourceRoot": "apps/api/src",
  "monorepo": true,
  "root": "apps/api",
  "compilerOptions": {
    "webpack": true,
    "tsConfigPath": "apps/api/tsconfig.app.json"
  },
  "projects": {
    "api": {
      "type": "application",
      "root": "apps/api",
      "entryFile": "main",
      "sourceRoot": "apps/api/src",
      "compilerOptions": {
        "tsConfigPath": "apps/api/tsconfig.app.json"
      }
    },
    "auth": {
      "type": "application",
      "root": "apps/auth",
      "entryFile": "main",
      "sourceRoot": "apps/auth/src",
      "compilerOptions": {
        "tsConfigPath": "apps/auth/tsconfig.app.json"
      }
    },
    "shared": {
      "type": "library",
      "root": "libs/shared",
      "entryFile": "index",
      "sourceRoot": "libs/shared/src",
      "compilerOptions": {
        "tsConfigPath": "libs/shared/tsconfig.lib.json"
      }
    },
    "presence": {
      "type": "application",
      "root": "apps/presence",
      "entryFile": "main",
      "sourceRoot": "apps/presence/src",
      "compilerOptions": {
        "tsConfigPath": "apps/presence/tsconfig.app.json"
      }
    }
  }
}
